platform,avg_earnings_usd,avg_repeat_client,total_freelancers
Fiverr,1518.131455399061,31.4037558685446,2343
Freelancer.com,1706.5065274151436,26.714534377719755,1149
Upwork,1909.7041467304625,35.73763955342903,2508
